PROJECT,FIELD
COVID-19 Therapeutics & Vaccine Boost,Infectious Disease Vaccines & Antibody Therapeutics
Dengue Neutralizing Antibodies,Infectious Disease Vaccines & Antibody Therapeutics
Zika Antibody Therapeutics,Infectious Disease Vaccines & Antibody Therapeutics
Chikungunya Vaccine & Drug Discovery,Infectious Disease Vaccines & Antibody Therapeutics
Tuberculosis Drug Resistance Combat,Infectious Disease Vaccines & Antibody Therapeutics
HFMD Antiviral Discovery,Infectious Disease Vaccines & Antibody Therapeutics
Hepatitis B/C Antibody Therapy,Infectious Disease Vaccines & Antibody Therapeutics
Malaria Next-Gen Antimalarial Drugs,Infectious Disease Vaccines & Antibody Therapeutics
Universal Flu Vaccine & Treatment,Infectious Disease Vaccines & Antibody Therapeutics
Enterovirus Vaccine & Antibodies,Infectious Disease Vaccines & Antibody Therapeutics
Cancer Immunotherapy Discovery,Immune-Related & Resistance Management Therapies
Alzheimer's Disease Drug Development,Chronic & Degenerative Disease Drug Innovation
Diabetes Therapeutics Innovation,Chronic & Degenerative Disease Drug Innovation
Cardiovascular Disease Drug Discovery,Chronic & Degenerative Disease Drug Innovation
Parkinson's Disease Treatment Advancements,Chronic & Degenerative Disease Drug Innovation
Autoimmune Disease Antibody Research,Immune-Related & Resistance Management Therapies
AMR Innovative Therapies,Immune-Related & Resistance Management Therapies